log_id,log_type,component,status,message,created_at
fa9b143b-523c-4372-9cd1-e036083a6e9e,Export,Data Ingestion,Success,Job completed successfully.,2026-04-19 09:01:49.901090
6d274a74-beba-40c5-84b9-4f96eaa766d0,Validation,Monitoring,Failed,Job failed due to invalid input.,2026-01-05 16:18:49.901090
8f66864d-c7ab-45f9-b2d1-7b47b189e010,AI Generation,Data Ingestion,Success,Scores calculated successfully.,2026-03-12 15:14:49.901090
ca64d6fc-b724-483e-a6e3-af8cb01e8376,Job Run,Feature Engineering,Success,Validation passed.,2026-02-18 21:14:49.901090
c0f2a791-4eb1-4399-9209-15d15b7564cb,AI Generation,Feature Engineering,Success,Export completed successfully.,2026-01-12 17:41:49.901090
bd5034d9-f9b1-4523-a0ca-185f59c2df7c,Score Calculation,Feature Engineering,Success,API request completed.,2026-01-29 07:24:49.901090
b8d648a8-1355-4dcc-b1ce-99eb4aa7e82c,Error,Data Ingestion,Success,Validation passed.,2026-01-01 02:54:49.901090
d6467655-dadc-4460-a1ce-75692cd84d65,API Request,Feature Engineering,Warning,Processing completed with minor warnings.,2026-04-03 13:10:49.901090
fa43945b-c88f-4097-aa70-74a5939539d3,Score Calculation,Data Ingestion,Success,Records processed successfully.,2026-03-31 20:59:49.901090
44bf8f55-63c2-4441-913c-5bdc125b89a0,Error,Data Ingestion,Success,Export completed successfully.,2026-03-02 23:08:49.901090
259ed805-5d69-4adf-b76b-fe31aca91ce7,Score Calculation,Data Ingestion,Success,Scores calculated successfully.,2026-04-13 19:36:49.901090
7ad86f6c-0f9a-40a1-ad43-74e7be970f82,Error,Scoring Engine,Failed,Validation failed.,2026-05-09 18:11:49.901090
51f7ba59-24e6-492a-b061-89bce7021502,Job Run,Monitoring,Warning,Processing completed with minor warnings.,2026-04-15 13:21:49.901090
9836cd9b-9157-49db-8f8b-74cf3edb8a4c,Validation,CSV Export,Success,Job completed successfully.,2026-03-23 07:46:49.901090
b6596b78-fbb4-42e5-9e13-628871627323,Export,CSV Export,Success,Records processed successfully.,2026-05-18 04:53:49.901090
